Response.ID,Cluster,Wave,Participatory.budgeting.How.familiar.are.you.with.the.following.kinds.of.activities.,Citizens.assemblies.How.familiar.are.you.with.the.following.kinds.of.activities.,Citizen.juries.How.familiar.are.you.with.the.following.kinds.of.activities.,Civic.crowdfunding.How.familiar.are.you.with.the.following.kinds.of.activities.,Local.forums.How.familiar.are.you.with.the.following.kinds.of.activities.,Co.production.of.services.How.familiar.are.you.with.the.following.kinds.of.activities.,Education.Which.areas.do.you.consider.citizen.participation.appropriate.for.Â.,Children.Social.Care.Which.areas.do.you.consider.citizen.participation.appropriate.for.Â.,Adult.Social.Care.Which.areas.do.you.consider.citizen.participation.appropriate.for.Â.,Public.Health.Which.areas.do.you.consider.citizen.participation.appropriate.for.Â.,Housing.Services.Which.areas.do.you.consider.citizen.participation.appropriate.for.Â.,Cultural.Programmes.Which.areas.do.you.consider.citizen.participation.appropriate.for.Â.,Environment.Which.areas.do.you.consider.citizen.participation.appropriate.for.Â.,Planning.Which.areas.do.you.consider.citizen.participation.appropriate.for.Â.,Transport.Which.areas.do.you.consider.citizen.participation.appropriate.for.Â.,Demographically.balanced.participants.In.general..how.important.are.the.following.in.terms.of.the.legitimacy.or.validity.of.the.process...1.is.low..5.is.high.,Number.of.people.participating.In.general..how.important.are.the.following.in.terms.of.the.legitimacy.or.validity.of.the.process...1.is.low..5.is.high.,Independent.conveners.In.general..how.important.are.the.following.in.terms.of.the.legitimacy.or.validity.of.the.process...1.is.low..5.is.high.,Length.of.exercise.In.general..how.important.are.the.following.in.terms.of.the.legitimacy.or.validity.of.the.process...1.is.low..5.is.high.,Transparency.of.process.In.general..how.important.are.the.following.in.terms.of.the.legitimacy.or.validity.of.the.process...1.is.low..5.is.high.,Quality.of.discussion.In.general..how.important.are.the.following.in.terms.of.the.legitimacy.or.validity.of.the.process...1.is.low..5.is.high.,Has.your.Local.Authority..during.your.tenure.as.a.Councillor..ever.conducted.any.participatory.exercises..beyond.typical.consulations..,Would.you.be.supportive.of.a.participatory.process.if.initiated.by.the.current.leadership.of.the.council.,As.a.Councillor..do.you.feel.that.citizen.participation.activities.overlap.with.your.role.as.an.elected.representative.,Should.a.citizen.participation.exercise.be.conducted.by.your.council..would.you.expect.to.discuss.the.results.as.part.of.your.regular.council.meeting.,In.the.event.of.a.citizen.participation.exercise.drawing.conclusions...making.recommendations.that.conflict.with.your.own.views.as.a.Councillor..which.would.you.give.more.weight.to.,Does.holding.participatory.exercises.balance.representation.problems.in.one.party.councils.,Should.participatory.processes.be.authoritative..citizen.recommendations.should.be.carried.out..or.consultative..results.are.reviewed.by.council.decision.making.processes..,Should.participatory.processes.be.ad.hoc..convened.only.for.specific.purpose..or.permanent..a.recurring.process.on.a.policy.area..,country,council_type,part_of_majority,council_has_majority,party_reduced,gender,male,weighted
3,41,0,I know a lot about these kinds of activities,I know a little about these kinds of activities,I know nothing about these kinds of activities,I know a little about these kinds of activities,I know a little about these kinds of activities,I know nothing about these kinds of activities,Not appropriate,Not appropriate,Not appropriate,Not appropriate,Not appropriate,Appropriate,No opinion,Not appropriate,Appropriate,4,4,5,3,4,5,Yes,No,Yes,Yes,Your own views as an elected Councillor,No,Consultative,Mixture / Ad hoc leaning,S,SCT,FALSE,FALSE,CON,MALE,male,0.597850789
4,154,0,I know a little about these kinds of activities,I know a lot about these kinds of activities,I know a little about these kinds of activities,I know a little about these kinds of activities,I know a little about these kinds of activities,I know a little about these kinds of activities,Appropriate,Appropriate,Appropriate,Appropriate,Appropriate,Appropriate,Appropriate,No opinion,Appropriate,4,4,4,4,4,4,No,Yes,Yes,Yes,The view agreed by the citizens participating in the Participatory Democracy exercise,Yes,Mixture / Authoritative Leaning,Permanent,E,NMD,TRUE,FALSE,LD,MALE,male,0.471445055
5,32,0,I know a lot about these kinds of activities,I know a lot about these kinds of activities,I know a lot about these kinds of activities,I know a lot about these kinds of activities,I know a lot about these kinds of activities,I know a lot about these kinds of activities,Appropriate,Not appropriate,Appropriate,Appropriate,Appropriate,Appropriate,Appropriate,Appropriate,Appropriate,5,5,5,3,5,5,Yes,Yes,Yes,Yes,Your own views as an elected Councillor,Yes,Consultative,Ad hoc,E,MD,TRUE,TRUE,LAB,MALE,male,1.50734866
7,231,1,I know a lot about these kinds of activities,I know a little about these kinds of activities,I know a lot about these kinds of activities,I know nothing about these kinds of activities,I know a lot about these kinds of activities,I know a lot about these kinds of activities,Appropriate,Appropriate,Appropriate,Appropriate,Appropriate,Appropriate,Appropriate,No opinion,Appropriate,4,3,2,2,4,5,Yes,Yes,No,Yes,Your own views as an elected Councillor,Yes,Mixture / Consultative Leaning,Mixture / Ad hoc leaning,E,MD,FALSE,FALSE,LD,MALE,male,0.38125405
8,216,1,I know a little about these kinds of activities,I know nothing about these kinds of activities,I know nothing about these kinds of activities,I know nothing about these kinds of activities,I know a little about these kinds of activities,I know a little about these kinds of activities,No opinion,Appropriate,Appropriate,No opinion,Appropriate,Appropriate,Appropriate,Appropriate,Appropriate,5,3,3,5,4,5,Yes,No,No,Yes,The view agreed by the citizens participating in the Participatory Democracy exercise,No issue with one-party councils.,Mixture / Consultative Leaning,Mixture / Ad hoc leaning,E,NMD,FALSE,TRUE,CON,FEMALE,female,2.081809693
9,20,1,I know a lot about these kinds of activities,I know a little about these kinds of activities,I know nothing about these kinds of activities,I know a little about these kinds of activities,I know a lot about these kinds of activities,I know a lot about these kinds of activities,Not appropriate,Not appropriate,Appropriate,Appropriate,Appropriate,Appropriate,Appropriate,Not appropriate,Appropriate,5,4,3,3,3,4,Yes,Yes,Yes,Yes,Your own views as an elected Councillor,No,Mixture / Consultative Leaning,Ad hoc,W,PLA,TRUE,TRUE,LAB,MALE,male,1.719982091
10,226,1,I know a little about these kinds of activities,I know a little about these kinds of activities,I know nothing about these kinds of activities,I know a little about these kinds of activities,I know a little about these kinds of activities,I know a little about these kinds of activities,Appropriate,Appropriate,Appropriate,Appropriate,Appropriate,Appropriate,Appropriate,Appropriate,Appropriate,5,4,4,3,5,5,Unsure,Yes,Yes,Yes,Your own views as an elected Councillor,No,Mixture / Consultative Leaning,Mixture / Ad hoc leaning,E,NMD,TRUE,TRUE,LAB,MALE,male,1.012666446
11,88,1,I know nothing about these kinds of activities,I know nothing about these kinds of activities,I know nothing about these kinds of activities,I know nothing about these kinds of activities,I know a lot about these kinds of activities,I know nothing about these kinds of activities,Not appropriate,Not appropriate,Not appropriate,Appropriate,Appropriate,Appropriate,Appropriate,Appropriate,Appropriate,5,5,5,5,5,5,No,Yes,Yes,Yes,Your own views as an elected Councillor,No issue with one-party councils.,Mixture / Consultative Leaning,Mixture / Permanent leaning,E,NMD,TRUE,TRUE,CON,FEMALE,female,3.831818631
12,68,1,I know a little about these kinds of activities,I know a little about these kinds of activities,I know nothing about these kinds of activities,I know a lot about these kinds of activities,I know a lot about these kinds of activities,I know nothing about these kinds of activities,Appropriate,Appropriate,Appropriate,Appropriate,Appropriate,Appropriate,Appropriate,Appropriate,Appropriate,5,3,5,2,5,5,Yes,Yes,Yes,Yes,The view agreed by the citizens participating in the Participatory Democracy exercise,Yes,Mixture / Consultative Leaning,Permanent,E,MD,FALSE,TRUE,GRN,MALE,male,0.267337723
13,113,1,I know a lot about these kinds of activities,I know a little about these kinds of activities,I know a little about these kinds of activities,I know a little about these kinds of activities,I know a lot about these kinds of activities,I know nothing about these kinds of activities,Appropriate,Not appropriate,Appropriate,Appropriate,Appropriate,Appropriate,Appropriate,Not appropriate,Appropriate,5,3,4,4,5,5,Unsure,Yes,No,No,Your own views as an elected Councillor,No issue with one-party councils.,Consultative,Mixture / Ad hoc leaning,E,UA,TRUE,FALSE,LD,FEMALE,female,0.579857048
14,176,1,I know nothing about these kinds of activities,I know a little about these kinds of activities,I know a little about these kinds of activities,I know a little about these kinds of activities,I know a little about these kinds of activities,I know nothing about these kinds of activities,Appropriate,Appropriate,Appropriate,Appropriate,Appropriate,Appropriate,Appropriate,Appropriate,Appropriate,5,5,5,5,5,5,No,Yes,Yes,Yes,The view agreed by the citizens participating in the Participatory Democracy exercise,Yes,Mixture / Consultative Leaning,Mixture / Permanent leaning,E,NMD,FALSE,FALSE,GRN,FEMALE,female,0.121249228
15,98,1,I know nothing about these kinds of activities,I know a lot about these kinds of activities,I know a little about these kinds of activities,I know a lot about these kinds of activities,I know a little about these kinds of activities,I know nothing about these kinds of activities,Appropriate,Not appropriate,Not appropriate,Appropriate,Appropriate,Appropriate,Appropriate,Not appropriate,No opinion,5,3,3,3,5,5,Yes,No,Yes,No,Your own views as an elected Councillor,No,Consultative,Ad hoc,E,MD,FALSE,FALSE,LAB,MALE,male,0.501532815
16,27,1,I know a little about these kinds of activities,I know a little about these kinds of activities,I know nothing about these kinds of activities,I know a little about these kinds of activities,I know a lot about these kinds of activities,I know a little about these kinds of activities,Appropriate,No opinion,Appropriate,Appropriate,Appropriate,Appropriate,Appropriate,Appropriate,Appropriate,5,5,5,3,5,5,Yes,Yes,Yes,Yes,Your own views as an elected Councillor,Yes,Consultative,Mixture / Ad hoc leaning,E,NMD,TRUE,TRUE,LAB,FEMALE,female,1.116305081
17,211,1,I know a little about these kinds of activities,I know a little about these kinds of activities,I know a little about these kinds of activities,I know a little about these kinds of activities,I know a little about these kinds of activities,I know a little about these kinds of activities,Appropriate,Appropriate,Appropriate,Appropriate,Appropriate,Appropriate,Appropriate,Appropriate,Appropriate,4,4,5,3,5,4,No,Yes,Yes,Yes,Your own views as an elected Councillor,No,Mixture / Consultative Leaning,Mixture / Ad hoc leaning,E,NMD,FALSE,TRUE,LAB,MALE,male,0.55017709
18,73,1,I know a little about these kinds of activities,I know a lot about these kinds of activities,I know a little about these kinds of activities,I know a little about these kinds of activities,I know a lot about these kinds of activities,I know a lot about these kinds of activities,Appropriate,No opinion,No opinion,Appropriate,Appropriate,Appropriate,Appropriate,No opinion,Appropriate,4,3,4,2,5,3,Yes,Yes,Yes,Yes,The view agreed by the citizens participating in the Participatory Democracy exercise,Yes,Mixture / Consultative Leaning,Mixture / Ad hoc leaning,W,PLA,TRUE,TRUE,LAB,FEMALE,female,1.896009051
19,28,1,I know nothing about these kinds of activities,I know a little about these kinds of activities,I know nothing about these kinds of activities,I know nothing about these kinds of activities,I know a little about these kinds of activities,I know a little about these kinds of activities,Appropriate,Appropriate,Appropriate,Appropriate,Appropriate,Appropriate,Appropriate,Appropriate,Appropriate,3,3,4,4,5,5,No,Yes,Yes,Yes,Your own views as an elected Councillor,No,Mixture / Consultative Leaning,Mixture / Permanent leaning,E,LBO,FALSE,TRUE,LAB,MALE,male,0.731183274
20,164,1,I know a little about these kinds of activities,I know a little about these kinds of activities,I know a lot about these kinds of activities,I know a little about these kinds of activities,I know a lot about these kinds of activities,I know a lot about these kinds of activities,Not appropriate,Appropriate,Appropriate,Appropriate,Appropriate,Appropriate,Appropriate,Appropriate,Appropriate,5,5,5,5,5,5,Yes,Yes,Yes,Yes,The view agreed by the citizens participating in the Participatory Democracy exercise,Yes,Mixture / Authoritative Leaning,Mixture / Ad hoc leaning,E,CTY,FALSE,TRUE,LD,MALE,male,1.048640102
21,172,1,I know nothing about these kinds of activities,I know a lot about these kinds of activities,I know nothing about these kinds of activities,I know a little about these kinds of activities,I know a lot about these kinds of activities,I know a little about these kinds of activities,Appropriate,Appropriate,Appropriate,Appropriate,Appropriate,Appropriate,Appropriate,Appropriate,Appropriate,5,5,4,4,5,5,No,Yes,Yes,Yes,The view agreed by the citizens participating in the Participatory Democracy exercise,Yes,Mixture / Authoritative Leaning,Permanent,E,CTY,FALSE,TRUE,LD,FEMALE,female,1.155960364
22,196,1,I know nothing about these kinds of activities,I know a little about these kinds of activities,I know a little about these kinds of activities,I know a little about these kinds of activities,I know nothing about these kinds of activities,I know nothing about these kinds of activities,Appropriate,Appropriate,Appropriate,Appropriate,Appropriate,Appropriate,Appropriate,Appropriate,Appropriate,3,4,4,3,5,5,No,Yes,Yes,Yes,Your own views as an elected Councillor,Yes,Mixture / Consultative Leaning,Mixture / Ad hoc leaning,E,CTY,FALSE,TRUE,IND,MALE,male,2.544537147
23,30,1,I know a little about these kinds of activities,I know a lot about these kinds of activities,I know a little about these kinds of activities,I know a little about these kinds of activities,I know a little about these kinds of activities,I know a little about these kinds of activities,Appropriate,Appropriate,Appropriate,Appropriate,Appropriate,Appropriate,Appropriate,Appropriate,Appropriate,5,2,4,2,5,3,Yes,Yes,Yes,Yes,Your own views as an elected Councillor,No,Mixture / Consultative Leaning,Mixture / Ad hoc leaning,E,UA,FALSE,FALSE,LAB,MALE,male,0.375945966
24,200,1,I know nothing about these kinds of activities,I know a little about these kinds of activities,I know nothing about these kinds of activities,I know nothing about these kinds of activities,I know a little about these kinds of activities,I know nothing about these kinds of activities,No opinion,No opinion,No opinion,No opinion,No opinion,No opinion,No opinion,No opinion,No opinion,3,3,3,3,3,3,Unsure,No,No,Yes,The view agreed by the citizens participating in the Participatory Democracy exercise,No,Mixture / Consultative Leaning,Mixture / Ad hoc leaning,E,NMD,FALSE,FALSE,CON,FEMALE,female,1.274942445
25,38,1,I know nothing about these kinds of activities,I know nothing about these kinds of activities,I know nothing about these kinds of activities,I know nothing about these kinds of activities,I know a little about these kinds of activities,I know nothing about these kinds of activities,Appropriate,Appropriate,Appropriate,Appropriate,Appropriate,Appropriate,Appropriate,Appropriate,Appropriate,5,5,5,5,5,5,Yes,No,No,No,The view agreed by the citizens participating in the Participatory Democracy exercise,No,Mixture / Consultative Leaning,Mixture / Permanent leaning,E,NMD,FALSE,TRUE,IND,MALE,male,1.014845538
26,211,1,I know a little about these kinds of activities,I know a lot about these kinds of activities,I know a lot about these kinds of activities,I know a little about these kinds of activities,I know nothing about these kinds of activities,I know a little about these kinds of activities,Appropriate,Appropriate,Appropriate,Appropriate,Appropriate,Appropriate,No opinion,Not appropriate,Appropriate,5,5,3,1,4,3,Yes,No,Yes,Yes,Your own views as an elected Councillor,No,Mixture / Consultative Leaning,Mixture / Ad hoc leaning,E,NMD,FALSE,TRUE,LAB,MALE,male,0.55017709
27,221,1,I know a little about these kinds of activities,I know a lot about these kinds of activities,I know a little about these kinds of activities,I know a lot about these kinds of activities,I know a lot about these kinds of activities,I know a lot about these kinds of activities,Appropriate,Appropriate,Appropriate,Appropriate,Appropriate,Appropriate,Appropriate,Appropriate,Appropriate,5,4,4,3,5,3,No,Yes,Yes,Yes,The view agreed by the citizens participating in the Participatory Democracy exercise,Yes,Mixture / Consultative Leaning,Mixture / Permanent leaning,E,NMD,FALSE,FALSE,GRN,MALE,male,0.109992355
28,119,1,I know a little about these kinds of activities,I know nothing about these kinds of activities,I know a little about these kinds of activities,I know a little about these kinds of activities,I know a lot about these kinds of activities,I know nothing about these kinds of activities,Not appropriate,Not appropriate,Not appropriate,Appropriate,Not appropriate,Appropriate,Appropriate,Not appropriate,Appropriate,5,5,5,5,5,5,Unsure,Yes,Yes,Yes,Your own views as an elected Councillor,No issue with one-party councils.,Mixture / Consultative Leaning,Ad hoc,W,PLA,FALSE,FALSE,LAB,MALE,male,0.572281306
29,193,1,I know a little about these kinds of activities,I know nothing about these kinds of activities,I know nothing about these kinds of activities,I know nothing about these kinds of activities,I know nothing about these kinds of activities,I know nothing about these kinds of activities,No opinion,No opinion,No opinion,Appropriate,Appropriate,Appropriate,Appropriate,Appropriate,Appropriate,5,5,3,4,5,5,No,Yes,No,Yes,The view agreed by the citizens participating in the Participatory Democracy exercise,Yes,Mixture / Consultative Leaning,Mixture / Ad hoc leaning,E,NMD,FALSE,FALSE,IND,FEMALE,female,0.685118952
30,233,1,I know a lot about these kinds of activities,I know a lot about these kinds of activities,I know a little about these kinds of activities,I know a little about these kinds of activities,I know a little about these kinds of activities,I know a little about these kinds of activities,Not appropriate,Not appropriate,Not appropriate,Not appropriate,Not appropriate,Not appropriate,Not appropriate,Not appropriate,Not appropriate,1,1,1,1,1,1,No,No,Yes,No,Your own views as an elected Councillor,No,Consultative,Ad hoc,E,CTY,FALSE,TRUE,LAB,FEMALE,female,1.520644977
31,170,1,I know nothing about these kinds of activities,I know nothing about these kinds of activities,I know nothing about these kinds of activities,I know nothing about these kinds of activities,I know a little about these kinds of activities,I know a little about these kinds of activities,Not appropriate,Not appropriate,Appropriate,Appropriate,No opinion,No opinion,Appropriate,Not appropriate,Not appropriate,4,4,3,3,4,5,No,No,Yes,No,Your own views as an elected Councillor,No issue with one-party councils.,Consultative,Mixture / Permanent leaning,E,UA,FALSE,FALSE,CON,MALE,male,1.290468692
32,15,1,I know nothing about these kinds of activities,I know a little about these kinds of activities,I know nothing about these kinds of activities,I know a little about these kinds of activities,I know a lot about these kinds of activities,I know a little about these kinds of activities,Not appropriate,Not appropriate,Not appropriate,Appropriate,Not appropriate,Appropriate,Appropriate,Appropriate,Appropriate,5,2,4,3,4,4,Yes,Yes,No,Yes,The view agreed by the citizens participating in the Participatory Democracy exercise,No issue with one-party councils.,Consultative,Mixture / Ad hoc leaning,E,LBO,TRUE,TRUE,LD,MALE,male,1.023069831
33,91,1,I know nothing about these kinds of activities,I know nothing about these kinds of activities,I know nothing about these kinds of activities,I know nothing about these kinds of activities,I know nothing about these kinds of activities,I know nothing about these kinds of activities,No opinion,No opinion,No opinion,No opinion,No opinion,No opinion,No opinion,No opinion,No opinion,5,5,5,5,5,5,Unsure,Yes,Yes,Yes,Your own views as an elected Councillor,No issue with one-party councils.,Consultative,Ad hoc,E,MD,FALSE,TRUE,CON,MALE,male,2.811071188
34,69,1,I know a little about these kinds of activities,I know a little about these kinds of activities,I know nothing about these kinds of activities,I know a little about these kinds of activities,I know a little about these kinds of activities,I know a lot about these kinds of activities,Appropriate,Appropriate,Appropriate,Appropriate,Appropriate,Appropriate,Appropriate,Appropriate,Appropriate,5,5,3,3,5,5,No,Yes,Yes,Yes,The view agreed by the citizens participating in the Participatory Democracy exercise,Yes,Mixture / Consultative Leaning,Mixture / Ad hoc leaning,E,UA,TRUE,TRUE,LAB,FEMALE,female,1.245535974
36,140,1,I know a lot about these kinds of activities,I know a little about these kinds of activities,I know a little about these kinds of activities,I know a lot about these kinds of activities,I know a lot about these kinds of activities,I know a lot about these kinds of activities,Appropriate,Appropriate,Appropriate,Appropriate,Appropriate,Appropriate,Appropriate,Appropriate,Appropriate,5,3,2,2,5,5,Yes,Yes,No,Yes,Your own views as an elected Councillor,No,Mixture / Authoritative Leaning,Mixture / Permanent leaning,E,UA,TRUE,FALSE,LD,MALE,male,0.526022667
37,220,1,I know a little about these kinds of activities,I know a little about these kinds of activities,I know nothing about these kinds of activities,I know nothing about these kinds of activities,I know nothing about these kinds of activities,I know nothing about these kinds of activities,Not appropriate,Not appropriate,Not appropriate,Not appropriate,Not appropriate,Not appropriate,Appropriate,Not appropriate,Not appropriate,3,5,4,5,5,5,Unsure,Yes,Yes,No,The view agreed by the citizens participating in the Participatory Democracy exercise,Yes,Consultative,Mixture / Permanent leaning,E,NMD,TRUE,TRUE,CON,MALE,male,3.476069599
38,55,1,I know nothing about these kinds of activities,I know a lot about these kinds of activities,I know a lot about these kinds of activities,I know a little about these kinds of activities,I know a lot about these kinds of activities,I know nothing about these kinds of activities,Not appropriate,Not appropriate,Not appropriate,Not appropriate,Not appropriate,Not appropriate,Not appropriate,Not appropriate,Not appropriate,4,3,5,3,5,2,No,Yes,No,Yes,The view agreed by the citizens participating in the Participatory Democracy exercise,Yes,Mixture / Consultative Leaning,Mixture / Ad hoc leaning,E,NMD,TRUE,TRUE,IND,MALE,male,1.867944055
39,229,1,I know nothing about these kinds of activities,I know a little about these kinds of activities,I know nothing about these kinds of activities,I know a little about these kinds of activities,I know a lot about these kinds of activities,I know a lot about these kinds of activities,Appropriate,Not appropriate,Not appropriate,No opinion,Appropriate,Appropriate,No opinion,Appropriate,Appropriate,2,4,3,1,5,5,No,No,Yes,Yes,Your own views as an elected Councillor,No issue with one-party councils.,Mixture / Consultative Leaning,Ad hoc,E,UA,FALSE,TRUE,CON,MALE,male,2.107161967
40,22,1,I know a lot about these kinds of activities,I know a lot about these kinds of activities,I know a lot about these kinds of activities,I know a lot about these kinds of activities,I know a lot about these kinds of activities,I know a lot about these kinds of activities,Appropriate,Appropriate,Appropriate,Appropriate,Appropriate,Appropriate,Appropriate,Appropriate,Appropriate,5,3,5,3,5,5,Yes,Yes,Yes,Yes,The view agreed by the citizens participating in the Participatory Democracy exercise,No,Mixture / Authoritative Leaning,Permanent,S,SCT,FALSE,FALSE,GRN,FEMALE,female,0.062675483
41,221,1,I know a little about these kinds of activities,I know a lot about these kinds of activities,I know a lot about these kinds of activities,I know a little about these kinds of activities,I know a lot about these kinds of activities,I know a little about these kinds of activities,Appropriate,Appropriate,Appropriate,Appropriate,Appropriate,Appropriate,Appropriate,Appropriate,Appropriate,5,3,4,1,5,5,No,Yes,Yes,Yes,Your own views as an elected Councillor,Yes,Mixture / Authoritative Leaning,Mixture / Ad hoc leaning,E,NMD,FALSE,FALSE,GRN,MALE,male,0.109992355
42,220,1,I know nothing about these kinds of activities,I know nothing about these kinds of activities,I know nothing about these kinds of activities,I know a little about these kinds of activities,I know a little about these kinds of activities,I know nothing about these kinds of activities,Appropriate,Appropriate,Appropriate,Appropriate,Appropriate,Appropriate,Appropriate,Not appropriate,Not appropriate,4,5,4,3,5,5,Yes,Yes,Yes,Yes,Your own views as an elected Councillor,No,Consultative,Ad hoc,E,NMD,TRUE,TRUE,CON,MALE,male,3.476069599
43,62,1,I know nothing about these kinds of activities,I know a little about these kinds of activities,I know nothing about these kinds of activities,I know a lot about these kinds of activities,I know a lot about these kinds of activities,I know a little about these kinds of activities,Appropriate,Not appropriate,Appropriate,Appropriate,No opinion,Appropriate,Appropriate,Appropriate,Appropriate,5,5,3,3,3,4,Yes,Yes,Yes,Yes,The view agreed by the citizens participating in the Participatory Democracy exercise,Yes,Mixture / Consultative Leaning,Mixture / Ad hoc leaning,E,MD,TRUE,TRUE,LAB,FEMALE,female,1.661614221
44,30,1,I know nothing about these kinds of activities,I know a little about these kinds of activities,I know a little about these kinds of activities,I know nothing about these kinds of activities,I know nothing about these kinds of activities,I know nothing about these kinds of activities,Appropriate,Not appropriate,Not appropriate,Not appropriate,Appropriate,Appropriate,Appropriate,Appropriate,Appropriate,5,4,3,4,5,5,Yes,Yes,Yes,Yes,Your own views as an elected Councillor,Yes,Consultative,Ad hoc,E,UA,FALSE,FALSE,LAB,MALE,male,0.375945966
45,10,1,I know a little about these kinds of activities,I know a little about these kinds of activities,I know a little about these kinds of activities,I know a lot about these kinds of activities,I know a lot about these kinds of activities,I know a lot about these kinds of activities,Appropriate,Appropriate,Appropriate,Appropriate,Appropriate,Appropriate,Appropriate,Appropriate,Appropriate,4,4,2,3,4,4,Yes,Yes,Yes,Yes,The view agreed by the citizens participating in the Participatory Democracy exercise,Yes,Mixture / Consultative Leaning,Mixture / Ad hoc leaning,E,NMD,TRUE,FALSE,LAB,MALE,male,0.620177454
46,225,1,I know nothing about these kinds of activities,I know nothing about these kinds of activities,I know nothing about these kinds of activities,I know nothing about these kinds of activities,I know a little about these kinds of activities,I know nothing about these kinds of activities,No opinion,No opinion,Appropriate,Appropriate,No opinion,Appropriate,Appropriate,Not appropriate,No opinion,4,4,5,3,3,4,No,No,No,Yes,Your own views as an elected Councillor,No issue with one-party councils.,Consultative,Ad hoc,E,LBO,FALSE,FALSE,IND,MALE,male,0.825987066
47,219,1,I know a little about these kinds of activities,I know a little about these kinds of activities,I know nothing about these kinds of activities,I know nothing about these kinds of activities,I know a little about these kinds of activities,I know a little about these kinds of activities,No opinion,No opinion,No opinion,No opinion,No opinion,No opinion,No opinion,No opinion,No opinion,5,3,3,3,4,4,No,Yes,Yes,Yes,Your own views as an elected Councillor,No issue with one-party councils.,Consultative,Ad hoc,W,PLA,TRUE,TRUE,PC,MALE,male,0.768285976
48,62,1,I know a little about these kinds of activities,I know a little about these kinds of activities,I know nothing about these kinds of activities,I know a little about these kinds of activities,I know a lot about these kinds of activities,I know a lot about these kinds of activities,Appropriate,Appropriate,Appropriate,Appropriate,Appropriate,Appropriate,Appropriate,Appropriate,Appropriate,4,4,5,5,5,5,Yes,Yes,Yes,Yes,Your own views as an elected Councillor,No,Consultative,Ad hoc,E,MD,TRUE,TRUE,LAB,FEMALE,female,1.661614221
49,109,1,I know nothing about these kinds of activities,I know a little about these kinds of activities,I know a little about these kinds of activities,I know nothing about these kinds of activities,I know a lot about these kinds of activities,I know a lot about these kinds of activities,Appropriate,Appropriate,Appropriate,Appropriate,Appropriate,Appropriate,Appropriate,Appropriate,Appropriate,5,3,5,3,5,5,Unsure,Yes,Yes,Yes,The view agreed by the citizens participating in the Participatory Democracy exercise,No issue with one-party councils.,Mixture / Consultative Leaning,Mixture / Ad hoc leaning,E,UA,FALSE,FALSE,IND,FEMALE,female,0.764432874
50,83,1,I know a little about these kinds of activities,I know a lot about these kinds of activities,I know a little about these kinds of activities,I know a little about these kinds of activities,I know a little about these kinds of activities,I know a little about these kinds of activities,Appropriate,Appropriate,Appropriate,Appropriate,Appropriate,Appropriate,Appropriate,Appropriate,Appropriate,4,4,4,3,5,5,Yes,Yes,Yes,Yes,The view agreed by the citizens participating in the Participatory Democracy exercise,Yes,Mixture / Consultative Leaning,Mixture / Permanent leaning,E,NMD,FALSE,TRUE,GRN,FEMALE,female,0.197983696
51,24,1,I know nothing about these kinds of activities,I know nothing about these kinds of activities,I know nothing about these kinds of activities,I know a little about these kinds of activities,I know a lot about these kinds of activities,I know a little about these kinds of activities,Appropriate,Appropriate,Appropriate,Appropriate,Appropriate,Appropriate,Appropriate,Appropriate,Appropriate,5,4,3,3,5,5,Yes,Yes,Yes,Yes,The view agreed by the citizens participating in the Participatory Democracy exercise,Yes,Mixture / Authoritative Leaning,Ad hoc,E,UA,FALSE,TRUE,GRN,FEMALE,female,0.220903604
52,11,1,I know a little about these kinds of activities,I know a little about these kinds of activities,I know a little about these kinds of activities,I know a little about these kinds of activities,I know a little about these kinds of activities,I know a little about these kinds of activities,No opinion,Not appropriate,Appropriate,Appropriate,Appropriate,Appropriate,Appropriate,No opinion,Appropriate,3,3,4,4,4,4,No,Yes,No,Yes,The view agreed by the citizens participating in the Participatory Democracy exercise,No issue with one-party councils.,Mixture / Consultative Leaning,Mixture / Permanent leaning,E,LBO,TRUE,TRUE,LAB,FEMALE,female,1.483565237
53,86,1,I know nothing about these kinds of activities,I know a little about these kinds of activities,I know nothing about these kinds of activities,I know a little about these kinds of activities,I know a little about these kinds of activities,I know nothing about these kinds of activities,No opinion,No opinion,No opinion,Appropriate,Appropriate,Appropriate,Appropriate,Appropriate,Appropriate,4,5,3,2,5,3,Unsure,Yes,Yes,Yes,Your own views as an elected Councillor,No issue with one-party councils.,Mixture / Authoritative Leaning,Mixture / Ad hoc leaning,E,NMD,TRUE,FALSE,GRN,FEMALE,female,0.223173641
54,83,1,I know a lot about these kinds of activities,I know a lot about these kinds of activities,I know a lot about these kinds of activities,I know a lot about these kinds of activities,I know a lot about these kinds of activities,I know a lot about these kinds of activities,Appropriate,No opinion,Appropriate,Appropriate,Appropriate,Appropriate,Appropriate,Appropriate,Appropriate,4,3,5,3,5,5,No,Yes,Yes,Yes,The view agreed by the citizens participating in the Participatory Democracy exercise,No,Mixture / Authoritative Leaning,Mixture / Ad hoc leaning,E,NMD,FALSE,TRUE,GRN,FEMALE,female,0.197983696
55,218,1,I know a lot about these kinds of activities,I know a lot about these kinds of activities,I know a little about these kinds of activities,I know a little about these kinds of activities,I know a lot about these kinds of activities,I know a lot about these kinds of activities,Not appropriate,Not appropriate,Appropriate,Not appropriate,Appropriate,Appropriate,Appropriate,Appropriate,Appropriate,5,4,2,2,5,4,Yes,Yes,Yes,Yes,Your own views as an elected Councillor,No,Mixture / Consultative Leaning,Mixture / Ad hoc leaning,E,NMD,TRUE,TRUE,LD,FEMALE,female,0.848590201
56,186,1,I know a lot about these kinds of activities,I know a lot about these kinds of activities,I know a lot about these kinds of activities,I know a little about these kinds of activities,I know a lot about these kinds of activities,I know a little about these kinds of activities,Appropriate,Appropriate,Appropriate,Appropriate,Appropriate,Appropriate,Appropriate,Appropriate,Appropriate,5,4,4,3,5,4,Yes,Yes,Yes,Yes,The view agreed by the citizens participating in the Participatory Democracy exercise,Yes,Mixture / Consultative Leaning,Mixture / Ad hoc leaning,W,PLA,TRUE,FALSE,PC,MALE,male,0.470513902
57,70,1,I know a little about these kinds of activities,I know a lot about these kinds of activities,I know a lot about these kinds of activities,I know nothing about these kinds of activities,I know a lot about these kinds of activities,I know a lot about these kinds of activities,Not appropriate,Appropriate,Appropriate,Appropriate,Appropriate,Appropriate,Appropriate,Appropriate,Appropriate,4,4,5,3,5,4,Yes,Yes,Yes,No,The view agreed by the citizens participating in the Participatory Democracy exercise,Yes,Mixture / Authoritative Leaning,Mixture / Ad hoc leaning,E,NMD,TRUE,TRUE,LD,MALE,male,0.769806425
58,70,1,I know nothing about these kinds of activities,I know a little about these kinds of activities,I know a little about these kinds of activities,I know nothing about these kinds of activities,I know a lot about these kinds of activities,I know nothing about these kinds of activities,Appropriate,No opinion,No opinion,Appropriate,Appropriate,Appropriate,Appropriate,Appropriate,Appropriate,4,3,5,2,5,5,Unsure,Yes,Yes,Yes,Your own views as an elected Councillor,No,Mixture / Consultative Leaning,Mixture / Ad hoc leaning,E,NMD,TRUE,TRUE,LD,MALE,male,0.769806425
59,231,1,I know nothing about these kinds of activities,I know nothing about these kinds of activities,I know nothing about these kinds of activities,I know a little about these kinds of activities,I know a little about these kinds of activities,I know a little about these kinds of activities,Appropriate,No opinion,No opinion,Appropriate,Appropriate,Appropriate,Appropriate,Appropriate,Appropriate,5,3,4,4,5,5,Yes,Yes,Yes,No,The view agreed by the citizens participating in the Participatory Democracy exercise,No,Mixture / Authoritative Leaning,Mixture / Permanent leaning,E,MD,FALSE,FALSE,LD,MALE,male,0.38125405
60,209,1,I know a little about these kinds of activities,I know a little about these kinds of activities,I know nothing about these kinds of activities,I know a lot about these kinds of activities,I know a little about these kinds of activities,I know a little about these kinds of activities,Appropriate,Not appropriate,Appropriate,Appropriate,Appropriate,Appropriate,Appropriate,Appropriate,Appropriate,4,4,3,3,5,5,Yes,Yes,No,Yes,The view agreed by the citizens participating in the Participatory Democracy exercise,No issue with one-party councils.,Consultative,Ad hoc,E,MD,FALSE,TRUE,LAB,FEMALE,female,0.902747474
61,39,1,I know a little about these kinds of activities,I know nothing about these kinds of activities,I know nothing about these kinds of activities,I know nothing about these kinds of activities,I know nothing about these kinds of activities,I know a little about these kinds of activities,Appropriate,Appropriate,Appropriate,Appropriate,Appropriate,Appropriate,Appropriate,Appropriate,Appropriate,5,3,5,3,5,5,No,Yes,Yes,Yes,Your own views as an elected Councillor,Yes,Consultative,Ad hoc,E,UA,FALSE,TRUE,LD,MALE,male,0.466649696
62,103,1,I know a little about these kinds of activities,I know a little about these kinds of activities,I know nothing about these kinds of activities,I know a little about these kinds of activities,I know a little about these kinds of activities,I know nothing about these kinds of activities,Not appropriate,No opinion,No opinion,Not appropriate,Appropriate,Appropriate,Appropriate,Appropriate,Appropriate,5,4,5,3,4,5,Yes,Yes,No,No,Your own views as an elected Councillor,Yes,Mixture / Consultative Leaning,Mixture / Permanent leaning,S,SCT,TRUE,FALSE,CON,MALE,male,1.100415566
63,152,1,I know a little about these kinds of activities,I know a little about these kinds of activities,I know a little about these kinds of activities,I know a little about these kinds of activities,I know a lot about these kinds of activities,I know a little about these kinds of activities,Appropriate,No opinion,Appropriate,Appropriate,Appropriate,Appropriate,No opinion,Appropriate,Appropriate,4,4,4,4,5,5,No,Yes,Yes,Yes,Your own views as an elected Councillor,Yes,Mixture / Authoritative Leaning,Mixture / Ad hoc leaning,E,NMD,FALSE,TRUE,LD,MALE,male,0.418232341
64,148,1,I know a little about these kinds of activities,I know a lot about these kinds of activities,I know a little about these kinds of activities,I know a little about these kinds of activities,I know a little about these kinds of activities,I know a little about these kinds of activities,Appropriate,Appropriate,Appropriate,Appropriate,Appropriate,Appropriate,Appropriate,No opinion,Appropriate,4,4,5,4,5,4,No,Yes,Yes,Yes,Your own views as an elected Councillor,No issue with one-party councils.,Consultative,Mixture / Ad hoc leaning,E,UA,TRUE,FALSE,GRN,FEMALE,female,0.249009705
65,68,1,I know a lot about these kinds of activities,I know a lot about these kinds of activities,I know a little about these kinds of activities,I know a little about these kinds of activities,I know a little about these kinds of activities,I know a little about these kinds of activities,Appropriate,No opinion,No opinion,Appropriate,Appropriate,Appropriate,Appropriate,Appropriate,Appropriate,4,3,4,3,4,4,Yes,Yes,Yes,Yes,The view agreed by the citizens participating in the Participatory Democracy exercise,Yes,Mixture / Authoritative Leaning,Mixture / Permanent leaning,E,MD,FALSE,TRUE,GRN,MALE,male,0.267337723
66,46,1,I know a little about these kinds of activities,I know a little about these kinds of activities,I know a little about these kinds of activities,I know a little about these kinds of activities,I know a little about these kinds of activities,I know a little about these kinds of activities,Appropriate,Appropriate,Appropriate,Appropriate,Appropriate,Appropriate,Appropriate,Appropriate,Appropriate,3,5,4,3,4,5,No,No,Yes,Yes,The view agreed by the citizens participating in the Participatory Democracy exercise,No,Mixture / Consultative Leaning,Mixture / Permanent leaning,E,UA,FALSE,TRUE,LD,FEMALE,female,0.514407709
67,91,1,I know a little about these kinds of activities,I know a little about these kinds of activities,I know nothing about these kinds of activities,I know nothing about these kinds of activities,I know a little about these kinds of activities,I know a little about these kinds of activities,Not appropriate,Not appropriate,Not appropriate,Appropriate,Appropriate,Appropriate,Appropriate,Appropriate,Not appropriate,1,1,1,2,1,3,Unsure,Yes,Yes,Yes,Your own views as an elected Councillor,Yes,Consultative,Ad hoc,E,MD,FALSE,TRUE,CON,MALE,male,2.811071188
68,82,1,I know a little about these kinds of activities,I know a little about these kinds of activities,I know a little about these kinds of activities,I know a little about these kinds of activities,I know a little about these kinds of activities,I know a little about these kinds of activities,Appropriate,Not appropriate,Not appropriate,Appropriate,Appropriate,Appropriate,Appropriate,Appropriate,Appropriate,5,4,4,4,5,5,No,Yes,Yes,Yes,The view agreed by the citizens participating in the Participatory Democracy exercise,Yes,Mixture / Authoritative Leaning,Mixture / Ad hoc leaning,E,NMD,FALSE,FALSE,LAB,MALE,male,0.336939599
69,226,1,I know nothing about these kinds of activities,I know a little about these kinds of activities,I know nothing about these kinds of activities,I know a little about these kinds of activities,I know a little about these kinds of activities,I know nothing about these kinds of activities,Not appropriate,Not appropriate,No opinion,Appropriate,Appropriate,Appropriate,Appropriate,Appropriate,Appropriate,3,5,2,3,5,5,Unsure,Yes,Yes,Yes,Your own views as an elected Councillor,No issue with one-party councils.,Mixture / Consultative Leaning,Ad hoc,E,NMD,TRUE,TRUE,LAB,MALE,male,1.012666446
70,82,1,I know nothing about these kinds of activities,I know a lot about these kinds of activities,I know nothing about these kinds of activities,I know a little about these kinds of activities,I know a little about these kinds of activities,I know a little about these kinds of activities,Appropriate,Appropriate,Appropriate,No opinion,Not appropriate,Appropriate,No opinion,No opinion,Appropriate,1,1,1,1,1,1,Yes,Yes,Yes,Yes,The view agreed by the citizens participating in the Participatory Democracy exercise,No,Mixture / Consultative Leaning,Mixture / Ad hoc leaning,E,NMD,FALSE,FALSE,LAB,MALE,male,0.336939599
71,28,1,I know a little about these kinds of activities,I know a little about these kinds of activities,I know nothing about these kinds of activities,I know nothing about these kinds of activities,I know a little about these kinds of activities,I know nothing about these kinds of activities,Appropriate,No opinion,No opinion,Appropriate,Appropriate,No opinion,Appropriate,Appropriate,Appropriate,3,5,5,2,5,4,No,Yes,Yes,Yes,Your own views as an elected Councillor,Yes,Mixture / Consultative Leaning,Mixture / Permanent leaning,E,LBO,FALSE,TRUE,LAB,MALE,male,0.731183274
72,215,1,I know a little about these kinds of activities,I know a little about these kinds of activities,I know nothing about these kinds of activities,I know a little about these kinds of activities,I know a lot about these kinds of activities,I know nothing about these kinds of activities,Appropriate,Appropriate,Appropriate,Appropriate,No opinion,Appropriate,Appropriate,Not appropriate,Appropriate,5,5,5,3,5,5,No,Yes,Yes,Yes,Your own views as an elected Councillor,No issue with one-party councils.,Consultative,Ad hoc,E,NMD,FALSE,FALSE,CON,MALE,male,1.156575793
73,156,1,I know a little about these kinds of activities,I know a lot about these kinds of activities,I know nothing about these kinds of activities,I know nothing about these kinds of activities,I know a little about these kinds of activities,I know a little about these kinds of activities,Appropriate,Appropriate,Appropriate,Appropriate,Appropriate,Appropriate,Appropriate,Appropriate,Appropriate,5,5,5,4,5,5,Yes,Yes,No,Yes,The view agreed by the citizens participating in the Participatory Democracy exercise,Yes,Mixture / Consultative Leaning,Permanent,E,LBO,FALSE,TRUE,LAB,FEMALE,female,0.806014268
74,28,1,I know a little about these kinds of activities,I know a little about these kinds of activities,I know a little about these kinds of activities,I know a little about these kinds of activities,I know a lot about these kinds of activities,I know a lot about these kinds of activities,Appropriate,Appropriate,Appropriate,Appropriate,Appropriate,Appropriate,Appropriate,Appropriate,Appropriate,5,4,2,2,4,4,Yes,Yes,Yes,No,The view agreed by the citizens participating in the Participatory Democracy exercise,Yes,Mixture / Consultative Leaning,Mixture / Ad hoc leaning,E,LBO,FALSE,TRUE,LAB,MALE,male,0.731183274
75,100,1,I know nothing about these kinds of activities,I know nothing about these kinds of activities,I know nothing about these kinds of activities,I know nothing about these kinds of activities,I know a lot about these kinds of activities,I know a little about these kinds of activities,Appropriate,No opinion,Appropriate,Appropriate,Appropriate,Appropriate,Appropriate,Appropriate,Appropriate,4,4,2,2,5,4,Yes,Yes,Yes,Yes,Your own views as an elected Councillor,Yes,Mixture / Consultative Leaning,Mixture / Permanent leaning,E,NMD,FALSE,TRUE,LD,FEMALE,female,0.46103521
76,211,1,I know nothing about these kinds of activities,I know nothing about these kinds of activities,I know nothing about these kinds of activities,I know nothing about these kinds of activities,I know a little about these kinds of activities,I know nothing about these kinds of activities,Appropriate,Appropriate,Appropriate,Appropriate,Appropriate,Appropriate,Appropriate,Appropriate,Appropriate,5,5,5,5,5,5,No,Yes,Yes,Yes,Your own views as an elected Councillor,No,Mixture / Consultative Leaning,Mixture / Permanent leaning,E,NMD,FALSE,TRUE,LAB,MALE,male,0.55017709
77,100,1,I know nothing about these kinds of activities,I know a little about these kinds of activities,I know nothing about these kinds of activities,I know nothing about these kinds of activities,I know a little about these kinds of activities,I know nothing about these kinds of activities,No opinion,Appropriate,Appropriate,Appropriate,No opinion,Appropriate,Appropriate,Appropriate,Appropriate,4,5,3,3,5,5,Unsure,Yes,Yes,Yes,Your own views as an elected Councillor,No,Mixture / Consultative Leaning,Mixture / Ad hoc leaning,E,NMD,FALSE,TRUE,LD,FEMALE,female,0.46103521
78,143,1,I know a little about these kinds of activities,I know a lot about these kinds of activities,I know a little about these kinds of activities,I know a little about these kinds of activities,I know a lot about these kinds of activities,I know a little about these kinds of activities,Appropriate,Appropriate,Appropriate,Appropriate,Appropriate,Appropriate,Appropriate,Appropriate,Appropriate,5,5,5,4,5,5,Yes,Yes,Yes,Yes,The view agreed by the citizens participating in the Participatory Democracy exercise,Yes,Mixture / Authoritative Leaning,Mixture / Ad hoc leaning,E,NMD,FALSE,FALSE,LAB,FEMALE,female,0.37142278
79,85,1,I know nothing about these kinds of activities,I know a little about these kinds of activities,I know nothing about these kinds of activities,I know a little about these kinds of activities,I know a lot about these kinds of activities,I know nothing about these kinds of activities,No opinion,No opinion,No opinion,Appropriate,Appropriate,Appropriate,Appropriate,Appropriate,Appropriate,5,4,3,3,5,5,Unsure,Yes,No,Yes,The view agreed by the citizens participating in the Participatory Democracy exercise,No,Mixture / Consultative Leaning,Permanent,E,NMD,TRUE,FALSE,CON,MALE,male,2.128815467
80,139,1,I know nothing about these kinds of activities,I know a little about these kinds of activities,I know a little about these kinds of activities,I know a little about these kinds of activities,I know a lot about these kinds of activities,I know nothing about these kinds of activities,Appropriate,No opinion,Appropriate,No opinion,No opinion,No opinion,Appropriate,No opinion,Appropriate,5,3,4,3,4,4,Yes,Yes,Yes,Yes,Your own views as an elected Councillor,No,Mixture / Consultative Leaning,Mixture / Permanent leaning,E,NMD,FALSE,FALSE,LD,FEMALE,female,0.282347306
81,100,1,I know nothing about these kinds of activities,I know nothing about these kinds of activities,I know nothing about these kinds of activities,I know nothing about these kinds of activities,I know nothing about these kinds of activities,I know nothing about these kinds of activities,Appropriate,Not appropriate,Appropriate,Appropriate,No opinion,No opinion,Appropriate,Appropriate,Appropriate,5,5,5,3,5,4,No,Yes,Yes,Yes,Your own views as an elected Councillor,Yes,Consultative,Mixture / Ad hoc leaning,E,NMD,FALSE,TRUE,LD,FEMALE,female,0.46103521
82,134,1,I know nothing about these kinds of activities,I know a little about these kinds of activities,I know nothing about these kinds of activities,I know a little about these kinds of activities,I know nothing about these kinds of activities,I know a little about these kinds of activities,Appropriate,Not appropriate,Not appropriate,No opinion,Appropriate,Appropriate,Appropriate,Not appropriate,Appropriate,5,4,4,4,5,4,Unsure,Yes,Yes,Yes,Your own views as an elected Councillor,No issue with one-party councils.,Mixture / Consultative Leaning,Mixture / Ad hoc leaning,E,UA,TRUE,TRUE,LAB,MALE,male,1.129899442
83,111,1,I know nothing about these kinds of activities,I know a lot about these kinds of activities,I know nothing about these kinds of activities,I know a lot about these kinds of activities,I know a lot about these kinds of activities,I know a lot about these kinds of activities,Appropriate,No opinion,No opinion,Appropriate,No opinion,Appropriate,Appropriate,No opinion,Appropriate,5,4,3,4,5,3,Yes,Yes,Yes,Yes,Your own views as an elected Councillor,Yes,Mixture / Consultative Leaning,Mixture / Ad hoc leaning,E,LBO,TRUE,TRUE,LD,FEMALE,female,1.127773173
84,233,1,I know nothing about these kinds of activities,I know a little about these kinds of activities,I know nothing about these kinds of activities,I know a little about these kinds of activities,I know a little about these kinds of activities,I know a little about these kinds of activities,Appropriate,Not appropriate,Not appropriate,Appropriate,Appropriate,Appropriate,Appropriate,Appropriate,Appropriate,4,4,4,3,5,5,No,Yes,Yes,Yes,Your own views as an elected Councillor,Yes,Mixture / Consultative Leaning,Mixture / Ad hoc leaning,E,CTY,FALSE,TRUE,LAB,FEMALE,female,1.520644977
86,96,1,I know nothing about these kinds of activities,I know nothing about these kinds of activities,I know nothing about these kinds of activities,I know nothing about these kinds of activities,I know nothing about these kinds of activities,I know nothing about these kinds of activities,No opinion,No opinion,No opinion,No opinion,No opinion,No opinion,No opinion,No opinion,No opinion,5,5,5,3,5,5,Unsure,No,No,Yes,Your own views as an elected Councillor,No,Consultative,Ad hoc,E,UA,FALSE,FALSE,IND,MALE,male,0.693462329
87,215,1,I know nothing about these kinds of activities,I know a little about these kinds of activities,I know nothing about these kinds of activities,I know nothing about these kinds of activities,I know a lot about these kinds of activities,I know nothing about these kinds of activities,No opinion,No opinion,No opinion,No opinion,Appropriate,Appropriate,Appropriate,Appropriate,Appropriate,3,4,3,4,5,5,Unsure,Yes,Yes,Yes,The view agreed by the citizens participating in the Participatory Democracy exercise,Yes,Consultative,Mixture / Ad hoc leaning,E,NMD,FALSE,FALSE,CON,MALE,male,1.156575793
88,220,1,I know a little about these kinds of activities,I know a little about these kinds of activities,I know a little about these kinds of activities,I know a little about these kinds of activities,I know a little about these kinds of activities,I know a little about these kinds of activities,Not appropriate,Not appropriate,Not appropriate,Not appropriate,Not appropriate,No opinion,Not appropriate,Not appropriate,No opinion,3,3,2,3,5,5,Unsure,No,Yes,Yes,Your own views as an elected Councillor,No issue with one-party councils.,Consultative,Ad hoc,E,NMD,TRUE,TRUE,CON,MALE,male,3.476069599
89,193,1,I know a little about these kinds of activities,I know a little about these kinds of activities,I know nothing about these kinds of activities,I know a little about these kinds of activities,I know a lot about these kinds of activities,I know nothing about these kinds of activities,Appropriate,No opinion,No opinion,Appropriate,Appropriate,Appropriate,Appropriate,No opinion,Appropriate,3,3,3,3,4,4,Yes,Yes,Yes,Yes,Your own views as an elected Councillor,Yes,Consultative,Mixture / Ad hoc leaning,E,NMD,FALSE,FALSE,IND,FEMALE,female,0.685118952
90,82,1,I know a little about these kinds of activities,I know a little about these kinds of activities,I know a little about these kinds of activities,I know a little about these kinds of activities,I know nothing about these kinds of activities,I know nothing about these kinds of activities,Appropriate,Appropriate,Appropriate,Appropriate,Appropriate,Appropriate,Appropriate,Appropriate,Appropriate,4,3,3,4,5,5,No,Yes,No,Yes,The view agreed by the citizens participating in the Participatory Democracy exercise,Yes,Authoritative,Mixture / Permanent leaning,E,NMD,FALSE,FALSE,LAB,MALE,male,0.336939599
91,220,1,I know a little about these kinds of activities,I know nothing about these kinds of activities,I know nothing about these kinds of activities,I know a little about these kinds of activities,I know a lot about these kinds of activities,I know a little about these kinds of activities,Appropriate,Appropriate,Appropriate,No opinion,No opinion,Appropriate,Appropriate,Appropriate,Appropriate,3,3,3,5,5,5,No,Yes,Yes,Yes,Your own views as an elected Councillor,Yes,Consultative,Ad hoc,E,NMD,TRUE,TRUE,CON,MALE,male,3.476069599
92,233,1,I know a little about these kinds of activities,I know a little about these kinds of activities,I know nothing about these kinds of activities,I know a lot about these kinds of activities,I know a little about these kinds of activities,I know a lot about these kinds of activities,Appropriate,Appropriate,Appropriate,Appropriate,Appropriate,Appropriate,Appropriate,Appropriate,Appropriate,5,5,5,5,5,5,No,Yes,Yes,Yes,The view agreed by the citizens participating in the Participatory Democracy exercise,Yes,Mixture / Consultative Leaning,Mixture / Permanent leaning,E,CTY,FALSE,TRUE,LAB,FEMALE,female,1.520644977
93,134,1,I know a little about these kinds of activities,I know a lot about these kinds of activities,I know a lot about these kinds of activities,I know a little about these kinds of activities,I know a lot about these kinds of activities,I know a lot about these kinds of activities,Appropriate,Appropriate,Appropriate,Appropriate,Appropriate,Appropriate,Appropriate,Appropriate,Appropriate,5,5,3,4,5,5,Yes,Yes,Yes,Yes,Your own views as an elected Councillor,No,Mixture / Consultative Leaning,Mixture / Ad hoc leaning,E,UA,TRUE,TRUE,LAB,MALE,male,1.129899442
94,74,1,I know a lot about these kinds of activities,I know a lot about these kinds of activities,I know a lot about these kinds of activities,I know a little about these kinds of activities,I know a little about these kinds of activities,I know a little about these kinds of activities,Appropriate,Not appropriate,Not appropriate,Appropriate,Appropriate,Appropriate,Appropriate,Appropriate,Appropriate,3,5,5,5,4,3,Yes,Yes,No,Yes,The view agreed by the citizens participating in the Participatory Democracy exercise,No issue with one-party councils.,Mixture / Authoritative Leaning,Ad hoc,S,SCT,TRUE,FALSE,CON,FEMALE,female,1.21303465
95,121,1,I know a little about these kinds of activities,I know a little about these kinds of activities,I know a little about these kinds of activities,I know nothing about these kinds of activities,I know a little about these kinds of activities,I know a little about these kinds of activities,No opinion,Appropriate,Appropriate,Not appropriate,No opinion,Appropriate,Appropriate,Not appropriate,Appropriate,3,3,5,3,3,5,Yes,Yes,Yes,Yes,Your own views as an elected Councillor,No issue with one-party councils.,Mixture / Consultative Leaning,Mixture / Permanent leaning,E,UA,TRUE,TRUE,CON,MALE,male,3.878482512
96,15,1,I know a lot about these kinds of activities,I know a lot about these kinds of activities,I know a little about these kinds of activities,I know nothing about these kinds of activities,I know a lot about these kinds of activities,I know a little about these kinds of activities,Appropriate,Appropriate,Appropriate,Appropriate,Appropriate,Appropriate,Appropriate,Appropriate,Appropriate,5,3,4,3,4,4,Yes,Yes,Yes,Yes,The view agreed by the citizens participating in the Participatory Democracy exercise,No,Mixture / Consultative Leaning,Mixture / Permanent leaning,E,LBO,TRUE,TRUE,LD,MALE,male,1.023069831
97,176,1,I know a little about these kinds of activities,I know nothing about these kinds of activities,I know nothing about these kinds of activities,I know a little about these kinds of activities,I know nothing about these kinds of activities,I know nothing about these kinds of activities,Appropriate,Appropriate,Appropriate,Appropriate,Appropriate,Appropriate,Appropriate,Appropriate,Appropriate,3,2,4,5,2,5,Yes,No,Yes,Yes,Your own views as an elected Councillor,Yes,Mixture / Consultative Leaning,Mixture / Ad hoc leaning,E,NMD,FALSE,FALSE,GRN,FEMALE,female,0.121249228
98,82,1,I know a little about these kinds of activities,I know a little about these kinds of activities,I know a little about these kinds of activities,I know a little about these kinds of activities,I know a lot about these kinds of activities,I know nothing about these kinds of activities,Appropriate,Appropriate,Appropriate,Appropriate,Appropriate,Appropriate,Appropriate,Appropriate,Appropriate,4,5,5,2,5,4,No,Yes,Yes,Yes,The view agreed by the citizens participating in the Participatory Democracy exercise,Yes,Mixture / Consultative Leaning,Mixture / Permanent leaning,E,NMD,FALSE,FALSE,LAB,MALE,male,0.336939599
99,141,1,I know nothing about these kinds of activities,I know a little about these kinds of activities,I know a little about these kinds of activities,I know a little about these kinds of activities,I know nothing about these kinds of activities,I know a little about these kinds of activities,Appropriate,Appropriate,Appropriate,Appropriate,Appropriate,Appropriate,Appropriate,Appropriate,Appropriate,4,4,3,4,4,4,No,Yes,Yes,Yes,The view agreed by the citizens participating in the Participatory Democracy exercise,No,Mixture / Consultative Leaning,Mixture / Permanent leaning,E,NMD,FALSE,FALSE,IND,MALE,male,0.621511974
100,54,1,I know nothing about these kinds of activities,I know nothing about these kinds of activities,I know nothing about these kinds of activities,I know nothing about these kinds of activities,I know a little about these kinds of activities,I know nothing about these kinds of activities,No opinion,Appropriate,Appropriate,Appropriate,Appropriate,Appropriate,Appropriate,Appropriate,Appropriate,5,4,5,5,5,5,Yes,Yes,Yes,Yes,The view agreed by the citizens participating in the Participatory Democracy exercise,No issue with one-party councils.,Mixture / Authoritative Leaning,Ad hoc,E,UA,FALSE,TRUE,IND,MALE,male,1.1323308
101,233,1,I know a little about these kinds of activities,I know a little about these kinds of activities,I know a lot about these kinds of activities,I know a little about these kinds of activities,I know a lot about these kinds of activities,I know a lot about these kinds of activities,Appropriate,Appropriate,Appropriate,Appropriate,Appropriate,Appropriate,Appropriate,Appropriate,Appropriate,5,2,3,3,5,5,Yes,Yes,Yes,Yes,Your own views as an elected Councillor,No issue with one-party councils.,Mixture / Consultative Leaning,Mixture / Permanent leaning,E,CTY,FALSE,TRUE,LAB,FEMALE,female,1.520644977
102,82,1,I know nothing about these kinds of activities,I know a little about these kinds of activities,I know nothing about these kinds of activities,I know a little about these kinds of activities,I know nothing about these kinds of activities,I know nothing about these kinds of activities,Appropriate,Appropriate,Appropriate,Appropriate,Appropriate,Appropriate,Appropriate,Appropriate,Appropriate,4,5,4,4,4,5,Unsure,Yes,No,Yes,Your own views as an elected Councillor,Yes,Mixture / Consultative Leaning,Mixture / Ad hoc leaning,E,NMD,FALSE,FALSE,LAB,MALE,male,0.336939599
103,83,1,I know nothing about these kinds of activities,I know a little about these kinds of activities,I know a little about these kinds of activities,I know a little about these kinds of activities,I know a little about these kinds of activities,I know a little about these kinds of activities,Appropriate,Appropriate,Appropriate,Appropriate,Appropriate,Appropriate,Appropriate,Appropriate,Appropriate,4,4,5,4,5,5,No,Yes,Yes,Yes,The view agreed by the citizens participating in the Participatory Democracy exercise,Yes,Mixture / Authoritative Leaning,Mixture / Ad hoc leaning,E,NMD,FALSE,TRUE,GRN,FEMALE,female,0.197983696
104,62,1,I know a lot about these kinds of activities,I know a little about these kinds of activities,I know a little about these kinds of activities,I know nothing about these kinds of activities,I know a lot about these kinds of activities,I know a lot about these kinds of activities,Appropriate,No opinion,Appropriate,Appropriate,Appropriate,Appropriate,Appropriate,No opinion,Appropriate,4,3,5,3,5,4,Yes,Yes,Yes,No,The view agreed by the citizens participating in the Participatory Democracy exercise,No,Mixture / Consultative Leaning,Mixture / Permanent leaning,E,MD,TRUE,TRUE,LAB,FEMALE,female,1.661614221
105,10,1,I know a little about these kinds of activities,I know a little about these kinds of activities,I know a little about these kinds of activities,I know a little about these kinds of activities,I know a lot about these kinds of activities,I know a little about these kinds of activities,No opinion,Not appropriate,Not appropriate,Appropriate,Appropriate,Appropriate,Appropriate,Not appropriate,Appropriate,5,3,2,2,4,5,No,Yes,Yes,Yes,Your own views as an elected Councillor,Yes,Consultative,Mixture / Ad hoc leaning,E,NMD,TRUE,FALSE,LAB,MALE,male,0.620177454
106,155,1,I know a little about these kinds of activities,I know a little about these kinds of activities,I know nothing about these kinds of activities,I know a little about these kinds of activities,I know a little about these kinds of activities,I know a little about these kinds of activities,Appropriate,Appropriate,Appropriate,Appropriate,Appropriate,Appropriate,Appropriate,Appropriate,Appropriate,5,3,4,4,5,5,Unsure,Yes,Yes,Yes,The view agreed by the citizens participating in the Participatory Democracy exercise,Yes,Mixture / Consultative Leaning,Mixture / Permanent leaning,E,UA,FALSE,FALSE,LD,MALE,male,0.285785731
107,141,1,I know nothing about these kinds of activities,I know nothing about these kinds of activities,I know nothing about these kinds of activities,I know a little about these kinds of activities,I know a little about these kinds of activities,I know a little about these kinds of activities,Appropriate,Appropriate,Appropriate,Appropriate,Appropriate,Appropriate,Appropriate,Appropriate,Appropriate,4,3,4,3,5,4,No,Yes,No,Yes,The view agreed by the citizens participating in the Participatory Democracy exercise,Yes,Mixture / Consultative Leaning,Mixture / Ad hoc leaning,E,NMD,FALSE,FALSE,IND,MALE,male,0.621511974
108,67,1,I know a lot about these kinds of activities,I know a lot about these kinds of activities,I know a little about these kinds of activities,I know a lot about these kinds of activities,I know a lot about these kinds of activities,I know a lot about these kinds of activities,Appropriate,No opinion,Appropriate,Appropriate,Appropriate,No opinion,Appropriate,Appropriate,Appropriate,5,5,3,3,5,5,Yes,Yes,Yes,Yes,The view agreed by the citizens participating in the Participatory Democracy exercise,No issue with one-party councils.,Mixture / Consultative Leaning,Mixture / Ad hoc leaning,E,UA,TRUE,FALSE,CON,MALE,male,2.37526129
109,27,1,I know nothing about these kinds of activities,I know a little about these kinds of activities,I know nothing about these kinds of activities,I know nothing about these kinds of activities,I know a lot about these kinds of activities,I know nothing about these kinds of activities,Appropriate,No opinion,No opinion,Appropriate,Appropriate,Appropriate,Appropriate,Appropriate,Appropriate,5,5,5,5,5,5,No,Yes,No,Yes,The view agreed by the citizens participating in the Participatory Democracy exercise,Yes,Mixture / Authoritative Leaning,Mixture / Ad hoc leaning,E,NMD,TRUE,TRUE,LAB,FEMALE,female,1.116305081
110,183,1,I know a little about these kinds of activities,I know a lot about these kinds of activities,I know a little about these kinds of activities,I know a lot about these kinds of activities,I know a lot about these kinds of activities,I know a lot about these kinds of activities,Appropriate,Appropriate,Appropriate,Appropriate,Appropriate,Appropriate,Appropriate,Appropriate,Appropriate,5,5,5,5,5,5,Unsure,Yes,Yes,Yes,Your own views as an elected Councillor,Yes,Mixture / Authoritative Leaning,Permanent,E,NMD,TRUE,FALSE,LD,FEMALE,female,0.519693837
111,n20,1,I know a lot about these kinds of activities,I know a lot about these kinds of activities,I know nothing about these kinds of activities,I know a little about these kinds of activities,I know a lot about these kinds of activities,I know a little about these kinds of activities,Not appropriate,Not appropriate,Not appropriate,Appropriate,Appropriate,Appropriate,Appropriate,Appropriate,Appropriate,5,3,5,3,5,5,No,Yes,Yes,Yes,Your own views as an elected Councillor,Yes,Consultative,Mixture / Ad hoc leaning,S,SCT,FALSE,FALSE,CON,MALE,male,0.597850789
112,57,1,I know a lot about these kinds of activities,I know a little about these kinds of activities,I know a little about these kinds of activities,I know a little about these kinds of activities,I know a little about these kinds of activities,I know a little about these kinds of activities,Appropriate,Appropriate,Appropriate,Appropriate,Appropriate,Appropriate,Appropriate,Appropriate,Appropriate,4,5,4,4,5,4,Yes,Yes,Yes,Yes,Your own views as an elected Councillor,Yes,Mixture / Consultative Leaning,Mixture / Ad hoc leaning,S,SCT,TRUE,FALSE,LD,MALE,male,0.243696781
113,25,1,I know a lot about these kinds of activities,I know a little about these kinds of activities,I know nothing about these kinds of activities,I know nothing about these kinds of activities,I know a lot about these kinds of activities,I know a lot about these kinds of activities,Appropriate,Appropriate,Appropriate,Appropriate,Appropriate,Appropriate,Appropriate,Appropriate,Appropriate,5,5,5,3,5,5,Yes,Yes,No,Yes,The view agreed by the citizens participating in the Participatory Democracy exercise,No issue with one-party councils.,Mixture / Authoritative Leaning,Mixture / Permanent leaning,S,SCT,FALSE,FALSE,SNP,FEMALE,female,0.734436893
114,n20,1,I know a little about these kinds of activities,I know a little about these kinds of activities,I know a little about these kinds of activities,I know a little about these kinds of activities,I know a lot about these kinds of activities,I know a little about these kinds of activities,No opinion,No opinion,No opinion,Appropriate,Appropriate,Appropriate,Appropriate,No opinion,Appropriate,4,5,4,4,5,5,Unsure,No,Yes,No,Your own views as an elected Councillor,No,Consultative,Ad hoc,S,SCT,FALSE,FALSE,CON,MALE,male,0.597850789
115,n20,1,I know a lot about these kinds of activities,I know a little about these kinds of activities,I know a little about these kinds of activities,I know nothing about these kinds of activities,I know a lot about these kinds of activities,I know nothing about these kinds of activities,Not appropriate,Not appropriate,Not appropriate,Not appropriate,Appropriate,No opinion,Appropriate,Appropriate,Appropriate,3,4,4,3,5,5,Yes,Yes,Yes,Yes,Your own views as an elected Councillor,Yes,Mixture / Consultative Leaning,Ad hoc,S,SCT,FALSE,FALSE,CON,MALE,male,0.597850789
116,82,1,I know nothing about these kinds of activities,I know nothing about these kinds of activities,I know nothing about these kinds of activities,I know nothing about these kinds of activities,I know a lot about these kinds of activities,I know a little about these kinds of activities,Appropriate,Appropriate,Appropriate,Appropriate,Appropriate,Appropriate,Appropriate,No opinion,Appropriate,5,5,4,4,5,5,Unsure,Yes,Yes,Yes,The view agreed by the citizens participating in the Participatory Democracy exercise,No,Mixture / Consultative Leaning,Permanent,E,NMD,FALSE,FALSE,LAB,MALE,male,0.336939599
117,215,1,I know nothing about these kinds of activities,I know a little about these kinds of activities,I know nothing about these kinds of activities,I know a little about these kinds of activities,I know a little about these kinds of activities,I know nothing about these kinds of activities,Appropriate,Appropriate,Appropriate,Appropriate,Appropriate,Not appropriate,Appropriate,Not appropriate,Not appropriate,3,5,2,3,4,4,No,Yes,Yes,Yes,The view agreed by the citizens participating in the Participatory Democracy exercise,Yes,Consultative,Ad hoc,E,NMD,FALSE,FALSE,CON,MALE,male,1.156575793
118,n13,1,I know a lot about these kinds of activities,I know a little about these kinds of activities,I know nothing about these kinds of activities,I know nothing about these kinds of activities,I know nothing about these kinds of activities,I know a little about these kinds of activities,Appropriate,Not appropriate,Not appropriate,Appropriate,Appropriate,Appropriate,Appropriate,Appropriate,Appropriate,5,4,5,4,5,5,Yes,Yes,Yes,Yes,Your own views as an elected Councillor,No issue with one-party councils.,Consultative,Mixture / Permanent leaning,S,SCT,FALSE,FALSE,SNP,MALE,male,0.666251198
119,59,1,I know a little about these kinds of activities,I know a little about these kinds of activities,I know a little about these kinds of activities,I know a little about these kinds of activities,I know a little about these kinds of activities,I know a little about these kinds of activities,Appropriate,Appropriate,Appropriate,No opinion,Appropriate,Appropriate,Appropriate,Appropriate,Appropriate,2,3,2,2,5,5,Yes,Yes,Yes,Yes,The view agreed by the citizens participating in the Participatory Democracy exercise,Yes,Mixture / Consultative Leaning,Mixture / Ad hoc leaning,W,PLA,FALSE,FALSE,IND,FEMALE,female,1.16365298
120,97,1,I know a little about these kinds of activities,I know a lot about these kinds of activities,I know a little about these kinds of activities,I know a little about these kinds of activities,I know a lot about these kinds of activities,I know a little about these kinds of activities,Appropriate,Appropriate,Appropriate,Appropriate,Appropriate,Appropriate,Appropriate,Appropriate,Appropriate,5,5,5,5,5,5,Yes,Yes,No,Yes,The view agreed by the citizens participating in the Participatory Democracy exercise,No,Mixture / Consultative Leaning,Permanent,W,PLA,FALSE,FALSE,LAB,FEMALE,female,0.630849904
121,208,1,I know a lot about these kinds of activities,I know a lot about these kinds of activities,I know nothing about these kinds of activities,I know a lot about these kinds of activities,I know a little about these kinds of activities,I know a little about these kinds of activities,Appropriate,No opinion,No opinion,Appropriate,Appropriate,No opinion,Appropriate,Appropriate,Appropriate,5,4,3,3,5,5,Yes,Yes,No,Yes,The view agreed by the citizens participating in the Participatory Democracy exercise,No issue with one-party councils.,Mixture / Consultative Leaning,Mixture / Permanent leaning,S,SCT,TRUE,FALSE,SNP,MALE,male,1.226314665
122,119,1,I know a little about these kinds of activities,I know a little about these kinds of activities,I know a little about these kinds of activities,I know a little about these kinds of activities,I know a little about these kinds of activities,I know a little about these kinds of activities,Appropriate,Appropriate,Appropriate,Appropriate,Appropriate,Appropriate,Appropriate,Appropriate,Appropriate,5,5,5,5,5,5,Yes,Yes,Yes,Yes,The view agreed by the citizens participating in the Participatory Democracy exercise,Yes,Mixture / Consultative Leaning,Mixture / Permanent leaning,W,PLA,FALSE,FALSE,LAB,MALE,male,0.572281306
123,149,1,I know a little about these kinds of activities,I know a little about these kinds of activities,I know a little about these kinds of activities,I know nothing about these kinds of activities,I know a lot about these kinds of activities,I know a little about these kinds of activities,Appropriate,No opinion,No opinion,Appropriate,Appropriate,Appropriate,Appropriate,Appropriate,Appropriate,5,4,5,3,4,5,Yes,Yes,Yes,Yes,The view agreed by the citizens participating in the Participatory Democracy exercise,Yes,Mixture / Consultative Leaning,Mixture / Ad hoc leaning,E,LBO,FALSE,TRUE,IND,MALE,male,1.348725887
124,223,1,I know a little about these kinds of activities,I know a little about these kinds of activities,I know a little about these kinds of activities,I know a lot about these kinds of activities,I know a lot about these kinds of activities,I know a little about these kinds of activities,Appropriate,Appropriate,Appropriate,Appropriate,Appropriate,Appropriate,Appropriate,Appropriate,Appropriate,4,3,4,3,4,4,No,Yes,Yes,Yes,The view agreed by the citizens participating in the Participatory Democracy exercise,No,Mixture / Authoritative Leaning,Mixture / Ad hoc leaning,E,LBO,FALSE,TRUE,LD,MALE,male,0.555829202
125,226,1,I know a little about these kinds of activities,I know a lot about these kinds of activities,I know a little about these kinds of activities,I know a little about these kinds of activities,I know a lot about these kinds of activities,I know a lot about these kinds of activities,No opinion,No opinion,No opinion,No opinion,No opinion,Appropriate,Appropriate,Appropriate,Appropriate,4,3,3,3,4,4,No,Yes,Yes,Yes,Your own views as an elected Councillor,No issue with one-party councils.,Mixture / Consultative Leaning,Mixture / Ad hoc leaning,E,NMD,TRUE,TRUE,LAB,MALE,male,1.012666446
126,203,1,I know a little about these kinds of activities,I know a lot about these kinds of activities,I know a lot about these kinds of activities,I know a little about these kinds of activities,I know a little about these kinds of activities,I know a little about these kinds of activities,Appropriate,Appropriate,Appropriate,Appropriate,Appropriate,Appropriate,Appropriate,Appropriate,Appropriate,5,3,5,3,5,4,Unsure,Yes,Yes,Yes,The view agreed by the citizens participating in the Participatory Democracy exercise,Yes,Mixture / Consultative Leaning,Mixture / Ad hoc leaning,E,NMD,TRUE,FALSE,LAB,FEMALE,female,0.683647854
127,15,1,I know a little about these kinds of activities,I know a little about these kinds of activities,I know nothing about these kinds of activities,I know a little about these kinds of activities,I know a little about these kinds of activities,I know nothing about these kinds of activities,Appropriate,Appropriate,Appropriate,Appropriate,Appropriate,Appropriate,Appropriate,Appropriate,Appropriate,1,1,1,1,1,1,Yes,Yes,No,Yes,The view agreed by the citizens participating in the Participatory Democracy exercise,Yes,Mixture / Consultative Leaning,Mixture / Permanent leaning,E,LBO,TRUE,TRUE,LD,MALE,male,1.023069831
